Ainsley, Collins, 28  
Alex, Johnson, 23  
Ash, Garcia, 32  
Avery, Wilson, 25  
Bailey, Jones, 24  
Blake, Wright, 22  
Cameron, Hall, 27  
Casey, Davis, 27  
Charlie, Evans, 19  
Chris, White, 31  
Dakota, Moore, 26  
Darby, Johnson, 21  
Drew, Martin, 22  
Emerson, Lee, 32  
Emery, Perez, 31  
Fallon, Smith, 22  
Finley, Mitchell, 30  
Gray, Brown, 27  
Harper, Green, 25  
Hollis, Robinson, 31  
Hunter, Phillips, 18  
Indigo, Martinez, 26  
Jamie, Young, 29  
Jesse, Taylor, 30  
Jordan, Brown, 29  
Jordan, Roberts, 26  
Jules, Lee, 23  
Kai, Young, 34
Kendall, Edwards, 24  
Lane, Gonzalez, 33  
Lennon, Lopez, 35  
Leslie, Hill, 22  
Logan, Walker, 21  
Mason, Evans, 20  
Morgan, Thompson, 34  
Parker, Lopez, 19  
Peyton, Harris, 19  
Phoenix, Turner, 25  
Quinn, Martinez, 33  
Reagan, Parker, 29  
Reese, Robinson, 18  
Riley, Thomas, 28  
River, Wright, 24  
Robin, Adams, 23  
Rowan, Carter, 28  
Sage, Scott, 20  
Sawyer, Lee, 27  
Shannon, Allen, 34  
Skyler, Miller, 20  
Taylor, Anderson, 21  
